{
  "timesteps": [
    0,
    1,
    2,
    3,
    4,
    5,
    6,
    7,
    8,
    9,
    10,
    11,
    12,
    13,
    14,
    15,
    16,
    17,
    18,
    19,
    20,
    21,
    22,
    23
  ],
  "weather": [
    "sunny",
    "rainy",
    "stormy",
    "stormy",
    "stormy",
    "cloudy",
    "rainy",
    "stormy",
    "stormy",
    "rainy",
    "stormy",
    "cloudy",
    "cloudy",
    "mild",
    "stormy",
    "sunny",
    "sunny",
    "rainy",
    "stormy",
    "cloudy",
    "cloudy",
    "rainy",
    "rainy",
    "sunny"
  ],
  "occupancy": [
    2,
    2,
    2,
    2,
    2,
    2,
    2,
    2,
    0,
    0,
    0,
    0,
    0,
    0,
    0,
    0,
    0,
    2,
    2,
    2,
    2,
    2,
    2,
    2
  ],
  "soc": [
    0.1842105263157895,
    0.1,
    0.1,
    0.1,
    0.1,
    0.1,
    0.1,
    0.1,
    0.13743,
    0.1,
    0.1,
    0.1,
    0.1,
    0.19001438875498428,
    0.11936577609139619,
    0.1,
    0.1,
    0.1,
    0.1,
    0.1,
    0.1,
    0.1,
    0.1,
    0.1
  ],
  "pv": [
    0.0,
    0.0,
    0.0,
    0.0,
    0.0,
    0.0,
    0.0,
    0.3074770255817947,
    0.594,
    0.8400428560496187,
    1.0288381796959132,
    1.1475198816314134,
    1.188,
    1.1475198816314134,
    1.0288381796959132,
    0.8400428560496187,
    0.594,
    0.30747702558179496,
    1.4548803973870556e-16,
    0.0,
    0.0,
    0.0,
    0.0,
    0.0
  ],
  "load": [
    3.5,
    7.3,
    2.8,
    5.3,
    6.8,
    0.5,
    3.5,
    2.0,
    0.2,
    3.2,
    1.7,
    3.2,
    1.7,
    0.2,
    1.7,
    3.2,
    1.7,
    2.0,
    2.4,
    0.9,
    2.4,
    3.9,
    3.9,
    0.5
  ],
  "grid": [
    0.0,
    0.0,
    0.0,
    0.0,
    0.0,
    0.0,
    0.0,
    0.0,
    0.0,
    0.0,
    0.0,
    0.0,
    0.0,
    0.0,
    0.0,
    0.0,
    0.0,
    0.0,
    0.0,
    0.0,
    0.0,
    0.0,
    0.0,
    0.0
  ],
  "rewards": [
    -5e-05,
    -0.50065,
    -0.50028,
    -0.50053,
    -1.50068,
    -0.50005,
    -1.000525,
    -13.000253878446163,
    -0.5,
    -0.5003006558215926,
    -1.0001006742730456,
    -3.500307872017755,
    -3.000128,
    -0.5,
    -0.0,
    -1.0005439955677704,
    -3.5002765,
    -11.000423130743604,
    -12.500432,
    -22.500162,
    -13.000432,
    -1.000702,
    -3.000702,
    -21.50009
  ],
  "devices": [
    {
      "lights": true,
      "fridge": true,
      "tv": true,
      "ac": true
    },
    {
      "lights": true,
      "fridge": true,
      "tv": true,
      "ac": false
    },
    {
      "lights": true,
      "fridge": true,
      "tv": true,
      "ac": false
    },
    {
      "lights": true,
      "fridge": true,
      "tv": true,
      "ac": false
    },
    {
      "lights": true,
      "fridge": true,
      "tv": true,
      "ac": false
    },
    {
      "lights": true,
      "fridge": true,
      "tv": true,
      "ac": false
    },
    {
      "lights": true,
      "fridge": true,
      "tv": true,
      "ac": true
    },
    {
      "lights": true,
      "fridge": true,
      "tv": true,
      "ac": true
    },
    {
      "lights": true,
      "fridge": true,
      "tv": false,
      "ac": true
    },
    {
      "lights": true,
      "fridge": true,
      "tv": false,
      "ac": true
    },
    {
      "lights": true,
      "fridge": true,
      "tv": false,
      "ac": true
    },
    {
      "lights": true,
      "fridge": true,
      "tv": false,
      "ac": true
    },
    {
      "lights": true,
      "fridge": true,
      "tv": false,
      "ac": true
    },
    {
      "lights": true,
      "fridge": true,
      "tv": false,
      "ac": true
    },
    {
      "lights": true,
      "fridge": true,
      "tv": false,
      "ac": true
    },
    {
      "lights": true,
      "fridge": true,
      "tv": false,
      "ac": true
    },
    {
      "lights": true,
      "fridge": true,
      "tv": false,
      "ac": true
    },
    {
      "lights": true,
      "fridge": true,
      "tv": true,
      "ac": true
    },
    {
      "lights": true,
      "fridge": true,
      "tv": true,
      "ac": true
    },
    {
      "lights": true,
      "fridge": true,
      "tv": true,
      "ac": true
    },
    {
      "lights": true,
      "fridge": true,
      "tv": true,
      "ac": true
    },
    {
      "lights": true,
      "fridge": true,
      "tv": true,
      "ac": true
    },
    {
      "lights": true,
      "fridge": true,
      "tv": true,
      "ac": true
    },
    {
      "lights": true,
      "fridge": true,
      "tv": true,
      "ac": true
    }
  ],
  "device_power": [
    {
      "lights": 0.1,
      "fridge": 0.2,
      "tv": 0.15,
      "ac": 1.5,
      "pv": 0.0
    },
    {
      "lights": 0.1,
      "fridge": 0.2,
      "tv": 0.15,
      "ac": 0.0,
      "pv": 0.0
    },
    {
      "lights": 0.1,
      "fridge": 0.2,
      "tv": 0.15,
      "ac": 0.0,
      "pv": 0.0
    },
    {
      "lights": 0.1,
      "fridge": 0.2,
      "tv": 0.15,
      "ac": 0.0,
      "pv": 0.0
    },
    {
      "lights": 0.1,
      "fridge": 0.2,
      "tv": 0.15,
      "ac": 0.0,
      "pv": 0.0
    },
    {
      "lights": 0.1,
      "fridge": 0.2,
      "tv": 0.15,
      "ac": 0.0,
      "pv": 0.0
    },
    {
      "lights": 0.1,
      "fridge": 0.2,
      "tv": 0.15,
      "ac": 1.5,
      "pv": 0.0
    },
    {
      "lights": 0.1,
      "fridge": 0.2,
      "tv": 0.15,
      "ac": 1.5,
      "pv": 0.3074770255817947
    },
    {
      "lights": 0.1,
      "fridge": 0.2,
      "tv": 0.0,
      "ac": 1.5,
      "pv": 0.594
    },
    {
      "lights": 0.1,
      "fridge": 0.2,
      "tv": 0.0,
      "ac": 1.5,
      "pv": 0.8400428560496187
    },
    {
      "lights": 0.1,
      "fridge": 0.2,
      "tv": 0.0,
      "ac": 1.5,
      "pv": 1.0288381796959132
    },
    {
      "lights": 0.1,
      "fridge": 0.2,
      "tv": 0.0,
      "ac": 1.5,
      "pv": 1.1475198816314134
    },
    {
      "lights": 0.1,
      "fridge": 0.2,
      "tv": 0.0,
      "ac": 1.5,
      "pv": 1.188
    },
    {
      "lights": 0.1,
      "fridge": 0.2,
      "tv": 0.0,
      "ac": 1.5,
      "pv": 1.1475198816314134
    },
    {
      "lights": 0.1,
      "fridge": 0.2,
      "tv": 0.0,
      "ac": 1.5,
      "pv": 1.0288381796959132
    },
    {
      "lights": 0.1,
      "fridge": 0.2,
      "tv": 0.0,
      "ac": 1.5,
      "pv": 0.8400428560496187
    },
    {
      "lights": 0.1,
      "fridge": 0.2,
      "tv": 0.0,
      "ac": 1.5,
      "pv": 0.594
    },
    {
      "lights": 0.1,
      "fridge": 0.2,
      "tv": 0.15,
      "ac": 1.5,
      "pv": 0.30747702558179496
    },
    {
      "lights": 0.1,
      "fridge": 0.2,
      "tv": 0.15,
      "ac": 1.5,
      "pv": 1.4548803973870556e-16
    },
    {
      "lights": 0.1,
      "fridge": 0.2,
      "tv": 0.15,
      "ac": 1.5,
      "pv": 0.0
    },
    {
      "lights": 0.1,
      "fridge": 0.2,
      "tv": 0.15,
      "ac": 1.5,
      "pv": 0.0
    },
    {
      "lights": 0.1,
      "fridge": 0.2,
      "tv": 0.15,
      "ac": 1.5,
      "pv": 0.0
    },
    {
      "lights": 0.1,
      "fridge": 0.2,
      "tv": 0.15,
      "ac": 1.5,
      "pv": 0.0
    },
    {
      "lights": 0.1,
      "fridge": 0.2,
      "tv": 0.15,
      "ac": 1.5,
      "pv": 0.0
    }
  ]
}