{
    "Standard": {
        "PPO": {
            "Total_Cost_VND": 247188.32494109636,
            "Total_Grid_kWh": 119.11274157188925,
            "Avg_Temp_C": 20.085695266723633,
            "PAR": 1.0678958682255373
        },
        "Hybrid": {
            "Total_Cost_VND": 195986.1122067403,
            "Total_Grid_kWh": 97.21273766182455,
            "Avg_Temp_C": 20.085695266723633,
            "PAR": 1.4565992656374362
        }
    },
    "High_PV": {
        "PPO": {
            "Total_Cost_VND": 230067.4823047186,
            "Total_Grid_kWh": 111.91911021206664,
            "Avg_Temp_C": 20.085695266723633,
            "PAR": 1.1365351666629187
        },
        "Hybrid": {
            "Total_Cost_VND": 207933.475041535,
            "Total_Grid_kWh": 102.61910716030883,
            "Avg_Temp_C": 20.085695266723633,
            "PAR": 1.37986001054964
        }
    },
    "Low_PV": {
        "PPO": {
            "Total_Cost_VND": 239319.1687123466,
            "Total_Grid_kWh": 115.80637340854899,
            "Avg_Temp_C": 20.085695266723633,
            "PAR": 1.098385182384501
        },
        "Hybrid": {
            "Total_Cost_VND": 222183.15781757122,
            "Total_Grid_kWh": 108.60636883091227,
            "Avg_Temp_C": 20.085695266723633,
            "PAR": 1.303790963762663
        }
    }
}